String - please do not modify this file,Everything 1.3.4.686,Everything 1.4.1.870
COPYRIGHT,"Copyright © 2013 David Carpenter","Copyright © 2017 David Carpenter"
CONNECTING_TO_ETP_SERVER,"Connecting to ETP server...","Connecting to ETP Server..."
CONNECT_TO_ETP_SERVER_CAPTION,"Connect to ETP server","Connect To ETP Server"
FAILED_TO_CHECK_FOR_UPDATES_FORMAT,"Failed to check for updates\n%s","Unable to check for updates: %s"
MENU_ABOUT_EVERYTHING,"&About Everything","&About Everything..."
LAST_ACCESS_TIME,"Last Access Time","Date Accessed"
ETP_SERVER,"ETP/FTP","ETP/FTP Server"
HTTP_SERVER,"HTTP","HTTP Server"
LANGUAGE_HELP,"Set the language Everything will use to display text.","Set the language Everything will use to display text\nRequires restart."
LANGUAGE_SYSTEM_DEFAULT,"System Default","User Default"
START_EVERYTHING_ON_SYSTEM_STARTUP_HELP,"Automatically run ""Everything"" when I log on to Windows.","Automatically run ""Everything"" when you log on to Windows\nPlease make sure run as administrator is disabled if Everything does not run on system startup."
SHOW_SHELL_CONTEXT_MENUS,"Show shell context &menus","Show Search Everything folder context &menu item"
START_MENU_SHORTCUTS,"S&tart Menu shortcuts","S&tart menu shortcuts"
START_MENU_SHORTCUTS_HELP,"Show Start Menu shortcuts.","Show Start menu shortcuts."
MATCH_PATH_WHEN_SEARCH_CONTAINS_PATH_SEPERATOR,"Match &path when search contains path separator","Match &path when a search term contains a path separator"
MATCH_PATH_WHEN_SEARCH_CONTAINS_PATH_SEPERATOR_HELP,"Search full paths when the search contains a backslash (\).","Search full paths when a search term contains a backslash (\)."
BELOW_NORMAL,"Below Normal","Below normal"
ABOVE_NORMAL,"Above Normal","Above normal"
AUTO_SCROLL_VIEW,"Auto scroll &view","Automatically scroll &view"
AUTO_SCROLL_VIEW_HELP,"Scroll the window when the mouse is dragged outside the visible area.","Periodically scroll the window when the mouse is dragged outside the visible area."
SHOW_SELECTED_ITEM_IN_STATUSBAR_HELP,"Show the full name of the selected folder or file in the status bar.","Show details for the selected file or folder in the status bar."
ICON_LOAD_PRIORITY,"Load &Icon Priority:","Load &icon priority:"
ICON_LOAD_PRIORITY_HELP,"The Priority of the thread to load icons.","The priority of the thread to load icons."
READ_FILE_INFO_PRIORITY,"Load Extended In&formation Priority:","Load extended in&formation priority:"
READ_FILE_INFO_PRIORITY_HELP,"The Priority of the thread to load file size, date modified, file attributes and file type.","The priority of the thread to load extended information."
DATABASE_LOCATION_HELP,"Set the location of the database file. This is where the Everything database is saved to and loaded from\n(Empty = Executable folder)","Specify the location of the database file\nLeave empty to store the database file in the default location for local application data\n"
LOCAL_NTFS_VOLUMES,"Local NTFS &volumes:","&Local NTFS volumes:"
ENABLE_USN_JOURNAL_LOGGING,"Enable &USN Journal Logging","Enable &USN Journal"
ENABLE_USN_JOURNAL_LOGGING_HELP,"Toggle NTFS USN Journal Logging.","Enable or disable the Update Sequence Number (USN) Journal on this volume."
CHANGE_JOURNAL_MAX_SIZE_HELP,"Target maximum size that NTFS allocates for the change journal in kilobytes. The change journal can grow larger than this value, but it is then truncated at the next NTFS checkpoint to less than this value.","Target maximum size of the change journal in kilobytes."
CHANGE_JOURNAL_DELTA_SIZE_HELP,"Size of memory allocation that is added to the end and removed from the beginning of the change journal in kilobytes. The change journal can grow to more than the sum of the values of MaximumSize and AllocationDelta before being trimmed.","Size of memory allocation that is added to the end and removed from the beginning of the change journal in kilobytes."
ETP_SERVER_PORT,"&ETP/FTP Server Port:","Listen on &port:"
ETP_SERVER_PORT_HELP,"ETP/FTP server port.","Listen for new connections on the specified port."
ETP_SERVER_PASSWORD,"ETP/FTP Server &Password:","Pass&word:"
ETP_SERVER_PASSWORD_HELP,"ETP/FTP server password\n(empty = no password)","ETP/FTP server password\nEmpty = Password ignored."
ENABLE_ETP_SERVER_LOGGING,"Enable ETP/FTP server logging","Enable &logging"
ENABLE_ETP_SERVER_LOGGING_HELP,"Log all ETP/FTP server connections\n","Log all ETP/FTP server connections, requests and responses."
ETP_LOG_FILE,"ETP/FTP log &file:","Log &file:"
ETP_LOG_FILE_HELP,"Set the file name of the ETP/FTP server log file\n(Empty = Executable folder\Logs\ETP_Server_Log.txt)","Set the filename of the ETP/FTP server log file\nEmpty = Log to Logs\ETP_Server_Log.txt in the default location for application data."
ETP_SERVER_LOG_MAX_SIZE_HELP,"Maximum size of the ETP/FTP server log file, in kilobytes. The log can grow larger than this value, but it is then truncated at the next ETP/FTP server log to less than this value\n(0 = unlimited)","Maximum size of the ETP server log file, in kilobytes. (0 = unlimited)"
HTTP_SERVER_PORT,"&HTTP Server Port:","Listen on &port:"
HTTP_SERVER_PORT_HELP,"HTTP server port.","Listen for new connections on the specified port."
HTTP_SERVER_USERNAME,"HTTP Server &Username:","&Username:"
HTTP_SERVER_USERNAME_HELP,"HTTP server username\n(Empty = no username)n","Basic access authentication username\nEmpty = Username ignored."
HTTP_SERVER_PASSWORD,"HTTP Server &Password:","Pass&word:"
HTTP_SERVER_PASSWORD_HELP,"HTTP server password\n(Empty = no password)n","Basic access authentication password\nEmpty = Password ignored."
ENABLE_HTTP_SERVER_LOGGING,"Enable HTTP server logging","Enable &logging"
ENABLE_HTTP_SERVER_LOGGING_HELP,"Log all HTTP server connections.","Log all HTTP server requests and responses."
HTTP_SERVER_LOG_FILE,"HTTP server log &file:","Log &file:"
HTTP_SERVER_LOG_FILE_HELP,"Set the file name of the HTTP server log file\n(Empty = Executable folder\Logs\HTTP_Server_Log.txt)","Set the filename of the HTTP server log file\nEmpty = Log to Logs\HTTP_Server_Log.txt in the default location for application data."
HTTP_SERVER_LOG_MAX_SIZE,"Maximum size of the HTTP server log file, in kilobytes. The log can grow larger than this value, but it is then truncated at the next HTTP server log to less than this value. (0 = unlimited)","Maximum size of the HTTP server log file, in kilobytes. (0 = unlimited)"
SAVE_HTTP_SERVER_LOG_FILE,"Save HTTP server log file:","Select the HTTP Server Log File"
STARTS_A_ETP_SERVER_ALLOWING_REMOTE_USERS_TO_SEARCH_AND_ACCESS_YOUR_FOLDERS_AND_FILES_VIA_A_ETP_CLIENT,"Starts a ETP/FTP server, allowing remote users to search and access your folders and files via a ETP/FTP client.","Starts an ETP/FTP server allowing remote users to search and access yours folders and files with an ETP/FTP client."
CONNECTS_TO_A_ETP_SERVER_ALLOWING_YOU_TO_SEARCH_AND_ACCESS_THE_HOST_FOLDERS_AND_FILES,"Connects to a ETP server, allowing you to search and access the host folders and files.","Connects to an ETP server, allowing you to search and access the host folders and files."
STARTS_A_HTTP_SERVER_ALLOWING_REMOTE_USERS_TO_SEARCH_AND_ACCESS_YOUR_FOLDERS_AND_FILES_VIA_A_WEB_BROWSER,"Starts a HTTP server, allowing remote users to search and access your folders and files via a web browser.","Starts a HTTP server allowing remote users to search and access yours folders and files with a web browser."
INCREASE_THE_FONT_SIZE,"Increase the font size.","Increase the font and icon size."
DECREASE_THE_FONT_SIZE,"Decrease the font size.","Decrease the font and icon size."
RESTORE_THE_FONT_SIZE_TO_THE_DEFAULT_DESKTOP_FONT_SIZE,"Restore the font size to the default desktop font size.","Restore the font and icon size to the default desktop font and icon size."
HOST,"Host","&Host:"
PORT,"Port","&Port:"
USERNAME,"Username","&Username:"
PASSWORD,"Password","Pass&word:"
HTTP_SERVER_ALLOW_FILE_DOWNLOAD,"Allow HTTP file download","&Allow file download"
HTTP_SERVER_ALLOW_FILE_DOWNLOAD_HELP,"Allow remote clients to download files with HTTP\nIf this is disabled only searching is allowed.","Allow HTTP clients to download files."
ETP_SERVER_ALLOW_FILE_DOWNLOAD,"Allow FTP file download","&Allow file download"
ETP_SERVER_ALLOW_FILE_DOWNLOAD_HELP,"Allow remote clients to download files with FTP\nIf this is disabled only searching is allowed.","Allow remote ETP/FTP clients to download files."
ETP_SERVER_USERNAME,"ETP/FTP Server &Username:","&Username:"
ETP_SERVER_USERNAME_HELP,"ETP/FTP server username\n(Empty = any username)","ETP/FTP server username\nEmpty = Username ignored."
CREDIT_LIST,"!Created bynDavid Carpenternn!ContributorsnPiotr J. BalwierznZsolt Péter Basák (Shiki)nMateus Scherer CardosonCynikalndaspudnLê Sỹ Đạtnde4dcod3ndis1nalyzeedus dwadehnÅke Engelbrektsonnshai hornnReza JelodarnJikoonSazan KërçukunKoray KIRCAOGLUnThomas KnoopnOlav MäginmiyanonAlexandru Bogdan MunteanunSamuel MurraynNedim LaletovicnOdysseynozziinStefano PiccardinRedrubenrexxnSamnScBnJulian SewardnDenis SjostromnHenry SpencernZoltán Szabó (Bird)nTekLordnTomn01 VlatcenSepp WinklernxbetanDmitry YerokhinnnnnnnThanks for using Everything!","!Created bynDavid Carpenternn!ContributorsnPiotr J. BalwierznMichael BanznZsolt Péter Basák (Shiki)nSacher Collado Benitez (ScB)nMateus Scherer CardosonColok and Pierre le LidgeunCynikalndaspudnLê Sỹ Đạtnde4dcod3ndis1nalyzeedus dwadehnÅke Engelbrektsonnshai hornnReza JelodarnjeieaJikoonjvhnSazan KërçukunKoray KIRCAOGLUnThomas KnoopnNedim LaletovicnOlav MäginmiyanonAlexandru Bogdan MunteanunSamuel MurraynnagannOdysseynozziinStefano PiccardinrexxnSamnJulian SewardnDenis SjostromnHenry SpencernStamimailnZoltán Szabó (Bird)nTekLordntherubenTomnUniversity of Cambridgen01 VlatcenWanderMaxnSepp WinklernxbetanDmitry YerokhinnCarl YuannnnnnnThanks for using Everything!"
HIDE_RESULTS_WHEN_THE_SEARCH_EMPTY_HELP,"Only display results when I type in a search.","Only display results when you type in a search."
EXCLUDE_HIDDEN_FILES_AND_FOLDERS_HELP,"Exclude hidden files and folders from the database.","Exclude hidden files and folders from the database\nRebuilding the database may be necessary when unhiding a folder."
EXCLUDE_SYSTEM_FILES_AND_FOLDERS_HELP,"Exclude system files and folders from the database.","Exclude system files and folders from the database\nRebuilding the database may be necessary when removing the system attribute from a folder."
EXPORT_RESULT_LIST_FILE,"Export result list file:","Export Result List"
CONTAINS_COMMANDS_FOR_ADJUSTING_THE_FONT_SIZE,"Contains commands for adjusting the font size.","Contains commands for adjusting the font and icon size."
KEYS,"Keys","Keyboard"
KEYBOARD_REMOVE_BUTTON,"&Remove","Remo&ve"
KEYBOARD_RESTORE_DEFAULTS_BUTTON,"Restore &Defaults","&Restore Defaults"
KEYBOARD_RESTORE_DEFAULTS_BUTTON_HELP,"Restore settings to the default state.","Restore all settings on this page to their default state."
KEYBOARD_USE_SHORTCUT_IN_HELP,"Specify where the shortcut use is allowed\nGlobal: anywhere\nResult List: the keyboard shortcut can only be pressed in the result list\nSearch Edit: the keyboard shortcut can only be pressed in the search edit.","Specify the required focus\nGlobal = any focus in the Everything window."
MENU_HELP_SEARCH_SYNTAX,"Search Syntax","&Search Syntax"
SINGLE_CLICK_TRAY,"Sin&gle click tray","Single click &tray"
FAST_ASCII_SEARCH_HELP,"Use single byte comparisons when searching for ASCII text\nCase mappings from non-ASCII to ASCII will be ignored\nDisable this to fix case insensitive matching of i and I with dot\nDisabling this may decrease performance when searching.","Use single byte comparisons when searching for ASCII text\nCase mappings from non-ASCII to ASCII will be ignored\nDisable this to fix case insensitive matching of i and I with dot\nEnable Fast ASCII search to improve search performance."
DOUBLE_CLICK_PATH,"Allow double click in &path column","Open &path with double click in path column"
DOUBLE_CLICK_PATH_HELP,"Open the path of the result when double clicking its path column row.","Open a path in the path column by double clicking."
AUTO_INCLUDE_NEW_REMOVABLE_VOLUMES,"Auto include new &removable volumes","Automatically include new &removable volumes"
AUTO_INCLUDE_NEW_FIXED_VOLUMES,"Auto include new &fixed volumes","Automatically include new &fixed volumes"
VIEW_RESTORE_DEFAULTS_HELP,"Restore settings to the default state.","Restore all settings on this page to their default state."
ALLOW_MULTIPLE_WINDOWS_FROM_TRAY_HELP,"Create a new window or show an existing window when running Everything from the system tray.","Create a new window or show an existing window when opening Everything from the system tray."
FILELIST_STATIC,"&File Lists:","&File lists:"
FILELIST_FILE_LIST_EDITOR,"File list &editor","File List &Editor"
FILELIST_SELECT_FILE_LIST,"Select Everything filelist","Select Everything File List"
URL_PROTOCOL_HELP,"Open Everything from ES: URLs.","Open ""Everything"" from ES: URLs."
EFU_ASSOCIATION_HELP,"Associate EFU Files with ""Everything""","Associate ""Everything"" file lists (EFU files) with ""Everything"""
MENU_HELP_COMMAND_LINE_OPTIONS,"Command Line Options","&Command Line Options"
FONTS_AND_COLORS_RESTORE_DEFAULTS_BUTTON_HELP,"Restore settings to the default state.","Restore all settings on this page to their default state."
LANGUAGE_LINK,"http://www.voidtools.com/download.php","http://www.voidtools.com/downloads/#language"
DOWNLOAD_LINK,"http://www.voidtools.com/download.php","http://www.voidtools.com/downloads/"
ONLINE_HELP_LINK,"http://support.voidtools.com/everything/","http://www.voidtools.com/support/everything/"
VIEW_REFRESH_MENU_HELP,"Refresh all extended information.","Refresh all extended information, icon and thumbnail cache."
EXCLUDE_FOLDER_LIST_HELP,"List of folders to exclude\nEmpty = no folders excluded","List of folders to exclude\nEmpty = No folders excluded."
EXCLUDE_INCLUDE_ONLY_FILE_EDIT_HELP,"Semi-colon delimited wildcard filters for which files to include\nEmpty = include all files","Semi-colon delimited wildcard filters for which files to include\nEmpty = Include all files."
EXCLUDE_FILE_EDIT_HELP,"Semi-colon delimited wildcard filters for which files to exclude\nEmpty = no files excluded","Semi-colon delimited wildcard filters for which files to exclude\nEmpty = No files excluded."
BOOKMARK_REMEMBER_MATCH_CASE_BUTTON,"Remember match &case","Remember match &case:"
BOOKMARK_REMEMBER_MATCH_WHOLEWORD_BUTTON,"Remember match &whole word","Remember match &whole word:"
BOOKMARK_REMEMBER_MATCH_PATH_BUTTON,"Remember match &path","Remember match &path:"
BOOKMARK_REMEMBER_MATCH_DIACRITIC_BUTTON,"Remember match &diacritics","Remember match &diacritics:"
BOOKMARK_REMEMBER_REGEX_BUTTON,"Remember &regex","Remember &regex:"
BOOKMARK_REMEMBER_SORT_BUTTON,"Remember s&ort","Remember s&ort:"
BOOKMARK_NEW_BUTTON,"&New","&New..."
BOOKMARK_EDIT_BUTTON,"&Edit","&Edit..."
BOOKMARK_MACRO_HELP,"When typing this phrase in the search edit followed by a colon(:) the phrase is replaced by this bookmark's search\nEmpty = no macro.","When typing this phrase in the search edit followed by a colon (:) the phrase is replaced by this bookmark's search\nEmpty = No macro."
RESULT_LIST_SCROLL_LEFT_MENU,"Scroll Left","Scroll Left or Thumbnail Left"
RESULT_LIST_SCROLL_RIGHT_MENU,"Scroll Right","Scroll Right or Thumbnail Right"
RESULT_LIST_SCROLL_PAGE_LEFT_MENU,"Scroll Page Left","Scroll Page Left or Thumbnail Focus Left"
RESULT_LIST_SCROLL_PAGE_RIGHT_MENU,"Scroll Page Right","Scroll Page Right or Thumbnail Focus Right"
INDEXES_RESTORE_DEFAULTS_HELP,"Restore settings to the default state.","Restore all settings on this page to their default state."
FILE_OPEN_FILELIST_MENU,"&Open file list...","&Open File List..."
FILE_CLOSE_FILELIST_MENU,"Close file list","Close File List"
GENERAL_RESTORE_DEFAULTS_HELP,"Restore settings to the default state.","Restore all settings on this page to their default state."
UI_RESTORE_DEFAULTS_HELP,"Restore settings to the default state.","Restore all settings on this page to their default state."
SORT_DATE_DESCENDING_FIRST_HELP,"Display newest to oldest dates first.","Sort newest to oldest dates first."
SORT_SIZE_DESCENDING_FIRST_HELP,"Display largest to smallest sizes first.","Sort largest to smallest sizes first."
RESULT_LIST_FOCUS_HELP,"Clamp: the focus can not be moved above the first item, or lower than the last item\nRepeat: moving the focus above the first item will wrap to the bottom item, and vice versa with the last item\nRepeat with search: Moving the focus above the first item, or below the last item will focus the search edit.","Clamp: The focus can not be moved above the first item, or lower than the last item\nRepeat: Moving the focus above the first item will wrap to the bottom item, moving the focus below the last item will wrap to the top item\nRepeat with search: Moving the focus above the first item, or below the last item will focus the search edit."
SEARCH_RESTORE_DEFAULTS_HELP,"Restore settings to the default state.","Restore all settings on this page to their default state."
FOLDERS_UPDATE_NOW,"&Update Now","Rescan N&ow"
FOLDERS_UPDATE_NOW_HELP,"Update the selected folder now.","Rescan the selected folder now."
FOLDERS_UPDATE_ALL_NOW,"Update All &Now","Rescan All &Now"
FOLDERS_UPDATE_ALL_NOW_HELP,"Update all folders now.","Rescan all folders now."
FOLDERS_MONITOR_HELP,"Attempt to monitor local changes made to this folder\nMultiple changes that occur with-in a small time frame can be missed.","Attempt to monitor changes made to this folder\nMultiple changes that occur with-in a small time frame can be missed."
FOLDERS_UPDATE_EVERY,"Update &every","Rescan &every"
FOLDERS_UPDATE_EVERY_HELP,"Update this folder periodically at a specific time interval.","Rescan this folder periodically at a specific time interval."
FOLDERS_UPDATE_DAY,"Up&date","Res&can"
FOLDERS_UPDATE_DAY_HELP,"Update this folder at a specific time on a certain day.","Rescan this folder at a specific time on a certain day."
FOLDERS_AT_HELP,"Specify the time of day to update.","Specify the time of day to rescan."
FOLDERS_DAY_HELP,"Specify the day to update.","Specify the day to rescan."
FOLDERS_INTERVAL_HELP,"Specify the update interval time value.","Specify the rescan interval time value."
FOLDERS_HOURS_OR_MINUTES_HELP,"Specify the meaning of the update interval time value in minutes or hours.","Specify the meaning of the rescan interval time value in minutes or hours."
FOLDERS_NEVER_UPDATE,"Ne&ver update","Ne&ver rescan"
FOLDERS_NEVER_UPDATE_HELP,"Never update this folder, click Update Now to update manually.","Never rescan this folder, click Rescan Now to rescan manually."
ALLOW_ROUND_BRACKET_PARENTHESES,"Allow round bracket parentheses","Allow round &bracket grouping"
ALLOW_ROUND_BRACKET_PARENTHESES_HELP,"Allow left parenthesis '(' and right parenthesis ')' for parentheses.","Allow left parenthesis '(' and right parenthesis ')' for grouping."
HELP_REGEX_SYNTAX_TEXT,"a|btMatches a or brngr(a|e)ytMatches gray or greyrn.tMatches any single characterrn[abc]tMatches a single character a, b or crn[^abc]tMatches any single character except a, b or crn[a-z]tMatches a single charactor in the range a to zrn[a-zA-Z]tMatches a single charactor in the range a to z or A to Zrn^tMatches the start of the filenamern$tMatches the end of the filenamern*tMatches the preceding element zero or more timesrn?tMatches the preceding element zero or one timern+tMatches the preceding element one or more timesrn{x}tMatches the preceding element x timesrn{x,}tMatches the preceding element x or more timesrn{x,y}tMatches the preceding element between x and y timesrn","rnRegex Syntax:rnrna|btMatches a or brngr(a|e)ytMatches gray or greyrn.tMatches any single characterrn[abc]tMatches a single character a, b or crn[^abc]tMatches any single character except a, b or crn[a-z]tMatches a single charactor in the range a to zrn[a-zA-Z]tMatches a single charactor in the range a to z or A to Zrn^tMatches the start of the filenamern$tMatches the end of the filenamern( )tDefines a marked subexpressionrn\ntMatches what the nth marked subexpression matched, where n is a digit from 1 to 9rn\btMatch word boundariesrn*tMatches the preceding element zero or more timesrn?tMatches the preceding element zero or one timesrn+tMatches the preceding element one or more timesrn*?tLazily matches the preceding element zero or more timesrn+?tLazily matches the preceding element one or more timesrn{x}tMatches the preceding element x timesrn{x,}tMatches the preceding element x or more timesrn{x,y}tMatches the preceding element between x and y timesrn\tEscape special characterrn"
HELP_SEARCH_SYNTAX_TEXT,"Operators:rntspacetANDrnt|tORrnt!tNOTrnt< >tGroupingrnt"" ""tSearch for an exact phrase.rnrnWildcards:rnt*tMatches zero or more characters.rnt?tMatches one character.rnt*.tMatches filenames with no extension.rnt*.*tSame as *rnrnMacros:rntquot:tLiteral double quote ("")rntapos:tLiteral apostrophe (')rntamp:tLiteral ampersand (&)rntlt:tLiteral less than (<)rntgt:tLiteral greater than (>)rnt#x:tLiteral unicode character code x.rnrnModifiers:rntascii:tEnable fast ASCII case comparisons.rntcase:tMatch case.rntdiacritics:tMatch diacritical marks.rntfile:tMatch files only.rntfolder:tMatch folders only.rntnoascii:tDisable fast ASCII case comparisons.rntnocase:tDo not match case.rntnodiacritics:tDo not match diacritical marks.rntnofileonly:tDo not allow files only.rntnofolderonly:tDo not allow folders only.rntnopath:tDo not match path.rntnoregex:tDisable regex.rntnowfn:tDo not match the whole filename.rntnowholefilename:tDo not match the whole filename.rntnowholeword:tDo not match whole words only.rntnowildcards:tDisable wildcards.rntnoww:tDo not match whole words only.rntpath:tMatch path and file name.rntregex:tEnable regex.rntutf8:tDisable fast ASCII case comparisons.rntwfn:tMatch the whole filename.rntwholefilename:tMatch the whole filename.rntwholeword:tMatch whole words only.rntwildcards:tEnable wildcards.rntww:tMatch whole words only.rnrnFunctions:rntattrib:<attributes>tSearch for files and folders with the specified file attributes.rntattributes:<attributes>tSearch for files and folders with the specified file attributes.rntchild:<filename>tSearch for folders that contain a child with a matching filename.rntdateaccessed:<date>tSearch for files and folders with the specified date accessed.rntdatecreated:<date>tSearch for files and folders with the specified date created.rntdatemodified:<date>tSearch for files and folders with the specified date modified.rntda:<date>tSearch for files and folders with the specified date accessed.rntdc:<date>tSearch for files and folders with the specified date created.rntdm:<date>tSearch for files and folders with the specified date modified.rntdupe:tSearch for duplicated filenames.rntempty:tSearch for empty folders.rntext:<list>tSearch for files with a matching extension in the specified semi-colon delimited extension list.rntfsi:<index>tSearch for files and folders in the specified zero based internal file system index.rntlen:<length>tSearch for files and folders that match the specified filename length.rntparents:<count>tSearch for files and folders with the specified number of parent folders.rntrc:<date>tSearch for files and folders with the specified recently changed date.rntrecentchange:<date>tSearch for files and folders with the specified recently changed date.rntroot:tSearch for files and folders with no parent folders.rntruncount:<count>tSearch for files and folders with the specified run count.rntsize:<size>tSearch for files with the specified size in bytes.rnttype:<type>tSearch for files and folders with the specified type.rnrnFunction Syntax:rntfunction:valuetEqual to value.rntfunction:<=valuetLess than or equal to value.rntfunction:<valuetLess than value.rntfunction:=valuetEqual to value.rntfunction:>valuetGreater than value.rntfunction:>=valuetGreater than or equal to value.rntfunction:start..endtIs in the range of values from start to end.rntfunction:start-endtIs in the range of values from start to end.rnrnSize Syntax:rntsize[kb|mb|gb]rnrnSize Constants:rntemptyrnttinyt0 KB < size <= 10 KBrntsmallt10 KB < size <= 100 KBrntmediumt100 KB < size <= 1 MBrntlarget1 MB < size <= 16 MBrnthuget16 MB < size <= 128 MBrntgigantictsize > 128 MBrntunknownrnrnDate Syntax:rntyearrntmonth/year or year/month depending on locale settingsrntday/month/year, month/day/year or year/month/day depending on locale settingsrnrnDate Constants:rnttodayrntyesterdayrnttomorrowrnt<last|past|prev|current|this|coming|next><year|month|week>rnt<last|past|prev|coming|next><x><years|months|weeks|hours|minutes|mins|seconds|secs>rntjanuary|february|march|april|may|june|july|august|september|october|november|decemberrntjan|feb|mar|apr|may|jun|jul|aug|sep|oct|nov|decrntsunday|monday|tuesday|wednesday|thursday|friday|saturdayrntsun|mon|tue|wed|thu|fri|satrntunknownrnrnAttribute Constants:rntRtRead onlyrntHtHiddenrntStSystemrntDtDirectoryrntAtArchiverntVtDevicerntNtNormalrntTtTemporaryrntPtSparse filerntLtReparse pointrntCtCompressedrntOtOfflinerntItNot content indexedrntEtEncrypted","rnOperators:rntspacetANDrnt|tORrnt!tNOTrnt< >tGroupingrnt"" ""tSearch for an exact phrase.rnrnWildcards:rnt*tMatches zero or more characters.rnt?tMatches one character.rnrnMacros:rntquot:tLiteral double quote ("")rntapos:tLiteral apostrophe (')rntamp:tLiteral ampersand (&)rntlt:tLiteral less than (<)rntgt:tLiteral greater than (>)rnt#<n>:tLiteral unicode character <n> in decimal.rnt#x<n>:tLiteral unicode character <n> in hexadecimal.rntaudio:tSearch for audio files.rntzip:tSearch for compressed files.rntdoc:tSearch for document files.rntexe:tSearch for executable files.rntpic:tSearch for picture files.rntvideo:tSearch for video files.rnrnModifiers:rntascii:tEnable fast ASCII case comparisons.rntcase:tMatch case.rntdiacritics:tMatch diacritical marks.rntfile:tMatch files only.rntfolder:tMatch folders only.rntnoascii:tDisable fast ASCII case comparisons.rntnocase:tDo not match case.rntnodiacritics:tDo not match diacritical marks.rntnofileonly:tDo not allow files only.rntnofolderonly:tDo not allow folders only.rntnopath:tDo not match path.rntnoregex:tDisable regex.rntnowfn:tDo not match the whole filename.rntnowholefilename:tDo not match the whole filename.rntnowholeword:tDo not match whole words only.rntnowildcards:tDisable wildcards.rntnoww:tDo not match whole words only.rntpath:tMatch path and file name.rntregex:tEnable regex.rntutf8:tDisable fast ASCII case comparisons.rntwfn:tMatch the whole filename.rntwholefilename:tMatch the whole filename.rntwholeword:tMatch whole words only.rntwildcards:tEnable wildcards.rntww:tMatch whole words only.rnrnFunctions:rntalbum:<text>tSearch media for album meta data.rntansicontent:<text>tSearch ANSI file content for text.rntartist:<text>tSearch media for artist meta data.rntattrib:<attributes>tSearch for files and folders with the specified file attributes.rntattribdupe:tFind files and folders with the same attributes.rntattributes:<attributes>tSearch for files and folders with the specified file attributes.rntbitdepth:<bitdepth>tFind images with the specified bits per pixel.rntchild:<filename>tSearch for folders that contain a child with a matching filename.rntchildcount:<count>tSearch for folders that contain the specified number of subfolders and files.rntchildfilecount:<count>tSearch for folders that contain the specified number of files.rntchildfoldercount:<n>tSearch for folders that contain the specified number of subfolders.rntcomment:<text>tSearch media for comment meta data.rntcontent:<text>tSearch file content for text.rntcount:<max>tLimit the number of results to max.rntdateaccessed:<date>tSearch for files and folders with the specified date accessed.rntdatecreated:<date>tSearch for files and folders with the specified date created.rntdatemodified:<date>tSearch for files and folders with the specified date modified.rntdaterun:<date>tSearch for files and folders with the specified date run.rntda:<date>tSearch for files and folders with the specified date accessed.rntdadupe:tFind files and folders with the same date accessed.rntdc:<date>tSearch for files and folders with the specified date created.rntdcdupe:tFind files and folders with the same date created.rntdimensions:<w>X<h>tFind images with the specified width and height.rntdm:<date>tSearch for files and folders with the specified date modified.rntdmdupe:tFind files and folders with the same date modified.rntdr:<date>tSearch for files and folders with the specified date run.rntdupe:tSearch for duplicated filenames.rntempty:tSearch for empty folders.rntendwith:<text>tFilenames (including extension) ending with text.rntext:<ext1;ext2;...>tSearch for files with a matching extension in the specified semi-colon delimited extension list.rntfilelist:<fn1|fn2|...>tSearch for a list of file names in the specified pipe (|) delimited file list.rntfilelistfilename:<name>tSearch for files and folders belonging to the file list filename.rntfrn:<frn>tSearch for files and folders with the specified File Reference Number.rntfsi:<index>tSearch for files and folders in the specified zero based internal file system index.rntgenre:<text>tSearch media for genre meta data.rntheight:<height>tFind images with the specified height in pixels.rntinfolder:<path>tSearch for files and folders in the specified path, excluding subfolders.rntlen:<length>tSearch for files and folders that match the specified filename length.rntnamepartdupe:tSearch for files and folders with the same name part.rntorientation:<type>tSearch for images with the specified orientation (landscape or portrait).rntparent:<path>tSearch for files and folders in the specified path, excluding subfolders.rntparents:<count>tSearch for files and folders with the specified number of parent folders.rntrc:<date>tSearch for files and folders with the specified recently changed date.rntrecentchange:<date>tSearch for files and folders with the specified recently changed date.rntroot:tSearch for files and folders with no parent folders.rntruncount:<count>tSearch for files and folders with the specified run count.rntshell:<name>tSearch for a known shell folder name, including subfolders and files.rntsize:<size>tSearch for files with the specified size in bytes.rntsizedupe:tSearch for duplicated sizes.rntstartwith:<text>tSearch for filenames starting with text.rnttitle:<text>tSearch media for title meta data.rnttrack:<number>tFind media files with the specified track number.rnttype:<type>tSearch for files and folders with the specified type.rntutf16content:<text>tSearch UTF-16 file content for text.rntutf16becontent:<text>tSearch UTF-16 Big Endian file content for text.rntutf8content:<text>tSearch UTF-8 file content for text.rntwidth:<width>tFind images with the specified width in pixels.rnrnFunction Syntax:rntfunction:valuetEqual to value.rntfunction:<=valuetLess than or equal to value.rntfunction:<valuetLess than value.rntfunction:=valuetEqual to value.rntfunction:>valuetGreater than value.rntfunction:>=valuetGreater than or equal to value.rntfunction:start..endtIs in the range of values from start to end.rntfunction:start-endtIs in the range of values from start to end.rnrnSize Syntax:rntsize[kb|mb|gb]rnrnSize Constants:rntemptyrnttinyt0 KB < size <= 10 KBrntsmallt10 KB < size <= 100 KBrntmediumt100 KB < size <= 1 MBrntlarget1 MB < size <= 16 MBrnthuget16 MB < size <= 128 MBrntgigantictsize > 128 MBrntunknownrnrnDate Syntax:rntyearrntmonth/year or year/month depending on locale settingsrntday/month/year, month/day/year or year/month/day depending on locale settingsrntYYYY[-MM[-DD[Thh[:mm[:ss[.sss]]]]]]rntYYYYMM[DD[Thh[mm[ss[.sss]]]]]rnrnDate Constants:rnttodayrntyesterdayrnttomorrowrnt<last|past|prev|current|this|coming|next><year|month|week>rnt<last|past|prev|coming|next><x><years|months|weeks|days|hours|minutes|mins|seconds|secs>rntjanuary|february|march|april|may|june|july|august|september|october|november|decemberrntjan|feb|mar|apr|may|jun|jul|aug|sep|oct|nov|decrntsunday|monday|tuesday|wednesday|thursday|friday|saturdayrntsun|mon|tue|wed|thu|fri|satrntunknownrnrnAttribute Constants:rntAtArchiverntCtCompressedrntDtDirectoryrntEtEncryptedrntHtHiddenrntItNot content indexedrntLtReparse pointrntNtNormalrntOtOfflinerntPtSparse filerntRtRead onlyrntStSystemrntTtTemporaryrntVtDevice"
HELP_COMMAND_LINE_OPTIONS_TEXT,"Everything.exe [filename] [options]rnrnfilenametOpen the specified file list.rnrn-?tShow this help.rn-admintRun Everything as Administrator.rn-admin-server-share-linkstUse \\Server\C$ links for ETP connections.rn-app-datatStore data in application data.rn-bookmark <name>tOpen a bookmark.rn-casetEnable case matching.rn-choose-languagetShow the language selection page.rn-choose-volumestDo not automatically index volumes.rn-config <filename>tThe filename of the ini file.rn-connect <user:pass@host:port>tConnect to an ETP server.rn-consoletShow the debugging console.rn-create-filelist <filename> <path>tCreate a file list of a path.rn-db <filename>tThe filename of the database.rn-debugtShow the debugging console.rn-diacriticstEnable diacritics matching.rn-drive-linkstUse C: links for ETP connections.rn-edit <filename>tOpen a file list with the file list editor.rn-enable-update-notificationtEnable update notification on startup.rn-exittExit ""Everything"".rn-disable-update-notificationtDisable update notification on startup.rn-filelist <filename>tOpen a file list.rn-filename <filename>tSearch for a file or folder by filename.rn-filter <name>tSelect a search filter.rn-ftp-linkstUse ftp://host/C: links for ETP connections.rn-fullscreentShow the search window fullscreen.rn-htShow this help.rn-helptShow this help.rn-install <location>tInstall Everything to a new location.rn-install-client-servicetInstall the ""Everything"" client as a service.rn-install-desktop-shortcuttInstall desktop shortcut.rn-install-efu-associationtInstall EFU file association.rn-install-folder-context-menutInstall folder context menus.rn-install-quick-launch-shortcuttInstall Quick Launch shortcut.rn-install-run-on-system-startuptInstall ""Everything"" from the system startup.rn-install-servicetInstall and start the ""Everything"" service.rn-install-service-port <port>tInstall the Everything service on the specified port.rn-install-start-menu-shortcutstInstall ""Everything"" shortcuts from the Start menu.rn-install-url-protocoltInstall URL Protocol.rn-instance <name>tThe name of the Everything instance.rn-load-delay <milliseconds>tThe delay in milliseconds before loading the database.rn-ltLoad the local database.rn-localtLoad the local database.rn-matchpathtEnable full path matching.rn-maximizedtMaximize the search window.rn-minimizedtMinimize the search window.rn-newwindowtCreate a new search window.rn-noapp-datatStore data in executable location.rn-nocasetDisable case matching.rn-nodbtDo not save to or load from the ""Everything"" database file.rn-nodiacriticstDisable diacritics matching.rn-nofullscreentShow the search window in a window.rn-nomatchpathtDisable full path matching.rn-nomaximizedtUnmaximize the search window.rn-nominimizedtUnminimize the search window.rn-nonewwindowtShow an existing search window.rn-noontoptDisable always ontop.rn-noregextDisable Regex.rn-noverbosetDisplay only basic debug messagse.rn-nowholewordtDisable match whole word.rn-nowwtDisable match whole word.rn-ontoptEnable always ontop.rn-p <path>tSearch for a path.rn-parentpath <path>tSearch for the parent of a path.rn-path <path>tSearch for a path.rn-quittExit ""Everything"".rn-read-onlytLoads the database in read-only mode.rn-regextEnable Regex.rn-reindextForce database rebuild.rn-s <text>tSet the search.rn-search <text>tSet the search.rn-server-share-linkstUse \\Server\C: links for ETP connections.rn-service-port <port>tConnect to the Everything service on the specified port.rn-sort <name>tSet the sort to the specified name.rn-sort-ascendingtSort ascending.rn-sort-descendingtSort descending.rn-start-client-servicetStart the Everything client service.rn-start-servicetStart the Everything service.rn-startuptRun Everything in the background.rn-stop-client-servicetStop the Everything client service.rn-stop-servicetStop the Everything service.rn-svctRun Everything as a service.rn-svc-port <port>tRun the Everything service on the specified port.rn-uninstall <path>tUninstall Everything from the specified path.rn-uninstall-client-servicetUninstall the ""Everything"" client service.rn-uninstall-desktop-shortcuttUninstall desktop shortcut.rn-uninstall-efu-associationtUninstall EFU file association.rn-uninstall-folder-context-menutUninstall folder context menus.rn-uninstall-quick-launch-shortcuttUninstall Quick Launch shortcut.rn-uninstall-run-on-system-startuptRemove ""Everything"" from the system startup.rn-uninstall-servicetUninstall the ""Everything"" service.rn-uninstall-start-menu-shortcutstUninstall ""Everything"" shortcuts from the Start menu.rn-uninstall-url-protocoltUninstall URL Protocol.rn-uninstall-usertUninstall user files.rn-updatetSave the database to disk.rn-url <[es:]search>tSet the search from an ES: URL.rn-verbosetDisplay all debug messages.rn-wholewordtEnable match whole word.rn-wwtEnable match whole word.","rnEverything.exe [filename] [-options]rnrnfilenametOpen the specified file list.rnrn-?tShow this help.rn-admintRun ""Everything"" as Administrator.rn-admin-server-share-linkstUse \\Server\C$ links for ETP connections.rn-app-datatStore data in application data.rn-bookmark <name>tOpen a bookmark.rn-casetEnable case matching.rn-choose-languagetShow the language selection page.rn-choose-volumestDo not automatically index volumes.rn-closetClose the current search window.rn-config <filename>tThe filename of the ini file.rn-connect <user:pass@host:port>tConnect to an ETP server.rn-consoletShow the debugging console.rn-copyto <filename1> <...>tShow the multi-file renamer with the specified filenames.rn-create-file-list <filename> <path>tCreate a file list of a path.rn-create-file-list-exclude-files <list>texclude the semi-colon delimited wildcard filter for files.rn-create-file-list-exclude-folders <list>texclude the semi-colon delimited wildcard filter for folders.rn-create-file-list-include-only-files <list>tinclude only the semi-colon delimited wildcard filter for files.rn-create-usn-journal <volume> <max-size-bytes> <allocation-delta-bytes>rn-db <filename>tThe filename of the database.rn-debugtShow the debugging console.rn-debug-logtLog debugging information to diskrn-delete-usn-journal <volume>tDelete a USN Journal.rn-detailstShow results in detail view.rn-diacriticstEnable diacritics matching.rn-disable-run-as-admintDisable run as administrator.rn-disable-update-notificationtDisable update notification on startup.rn-drive-linkstUse C: links for ETP connections.rn-edit <filename>tOpen a file list with the file list editor.rn-enable-run-as-admintEnable run as administrator.rn-enable-update-notificationtEnable update notification on startup.rn-exittExit ""Everything"".rn-first-instancetOnly run if this is the first instance of ""Everything"".rn-filelist <filename>tOpen a file list.rn-filename <filename>tSearch for a file or folder by filename.rn-filter <name>tSelect a search filter.rn-focus-bottom-resulttFocus the bottom result.rn-focus-last-run-resulttFocus the last run result.rn-focus-most-run-resulttFocus the most run result.rn-focus-resultstFocus the result list.rn-focus-top-resulttFocus the top result.rn-ftp-linkstUse ftp://host/C: links for ETP connections.rn-fullscreentShow the search window fullscreen.rn-htShow this help.rn-helptShow this help.rn-hometOpen the home search.rn-install <location>tInstall ""Everything"" to a new location.rn-install-client-servicetInstall the ""Everything"" client as a service.rn-install-config <filename>tInstall the specified ini file.rn-install-desktop-shortcuttInstall desktop shortcut.rn-install-efu-associationtInstall EFU file association.rn-install-folder-context-menutInstall folder context menus.rn-install-quick-launch-shortcuttInstall Quick Launch shortcut.rn-install-run-on-system-startuptInstall ""Everything"" from the system startup.rn-install-servicetInstall and start the ""Everything"" service.rn-install-service-pipe-name <name>tUse the specified name for the ""Everything"" service pipe name.rn-install-service-security-descriptortSpecify the pipe security descriptor.rn-install-start-menu-shortcutstInstall ""Everything"" shortcuts from the Start menu.rn-install-url-protocoltInstall URL Protocol.rn-instance <name>tThe name of the ""Everything"" instance.rn-ltLoad the local database.rn-language <langID>tSet the language to the specified language ID.rn-load-delay <milliseconds>tThe delay in milliseconds before loading the database.rn-localtLoad the local database.rn-matchpathtEnable full path matching.rn-maximizedtMaximize the search window.rn-minimizedtMinimize the search window.rn-moveto <filename1> <...>tShow the multi-file renamer with the specified filenames.rn-name-part <filename>tSearch for the name part of a filename.rn-newwindowtCreate a new search window.rn-noapp-datatStore data in executable location.rn-nocasetDisable case matching.rn-nodbtDo not save to or load from the ""Everything"" database file.rn-nodiacriticstDisable diacritics matching.rn-nofullscreentShow the search window in a window.rn-nomatchpathtDisable full path matching.rn-nomaximizedtUnmaximize the search window.rn-nominimizedtUnminimize the search window.rn-nonewwindowtShow an existing search window.rn-noontoptDisable always ontop.rn-noregextDisable Regex.rn-noverbosetDisplay only basic debug messages.rn-nowholewordtDisable match whole word.rn-nowwtDisable match whole word.rn-ontoptEnable always ontop.rn-p <path>tSearch for a path.rn-parent <path>tSearch for files and folders in the specified folder.rn-parentpath <path>tSearch for the parent of a path.rn-path <path>tSearch for a path.rn-quittExit ""Everything"".rn-read-onlytLoads the database in read-only mode.rn-regextEnable Regex.rn-reindextForce database rebuild.rn-rename <filename1> <...>tShow the multi-file renamer with the specified filenames.rn-s <text>tSet the search.rn-search <text>tSet the search.rn-search-file-list <filename>tSearch the specified text file for a list of file names.rn-select <filename>tFocus and select the specified result.rn-server-share-linkstUse \\Server\C: links for ETP connections.rn-service-pipe-name <name>tconnect to the service pipe with the specified name.rn-sort <name>tSet the sort to the specified name.rn-sort-ascendingtSort ascending.rn-sort-descendingtSort descending.rn-start-client-servicetStart the ""Everything"" client service.rn-start-servicetStart the ""Everything"" service.rn-startuptRun ""Everything"" in the background.rn-stop-client-servicetStop the ""Everything"" client service.rn-stop-servicetStop the ""Everything"" service.rn-svctRun ""Everything"" as a service.rn-svc-pipe-name <name>tHost the pipe server with the specified name.rn-svc-security-descriptor <sd>tHost the pipe server with the security descriptor.rn-thumbnail-size <size>tSpecify the size of thumbnails in pixels.rn-thumbnailstShow results in thumbnail view.rn-toggle-windowtHides the current foreground search window or shows the search window.rn-uninstall [path]tUninstall ""Everything"" from the specified path.rn-uninstall-client-servicetUninstall the ""Everything"" client service.rn-uninstall-desktop-shortcuttUninstall desktop shortcut.rn-uninstall-efu-associationtUninstall EFU file association.rn-uninstall-folder-context-menutUninstall folder context menus.rn-uninstall-quick-launch-shortcuttUninstall Quick Launch shortcut.rn-uninstall-run-on-system-startuptRemove ""Everything"" from the system startup.rn-uninstall-servicetUninstall the ""Everything"" service.rn-uninstall-start-menu-shortcutstUninstall ""Everything"" shortcuts from the Start menu.rn-uninstall-url-protocoltUninstall URL Protocol.rn-uninstall-usertUninstall user files.rn-updatetSave the database to disk.rn-url <[es:]search>tSet the search from an ES: URL.rn-verbosetDisplay all debug messages.rn-wholewordtEnable match whole word.rn-wwtEnable match whole word."
TOGGLE_WINDOW_HOTKEY,"&Toggle Window Hotkey:","&Toggle window Hotkey:"
VIEW_FILTERS_MENU_HELP,"Show the filter bar.","Shows or hides the filter bar."
KEYBOARD_FILTER,"Show commands containing:","Show &commands containing:"
FILTER_NEW_BUTTON,"&New","&New..."
FILTER_EDIT_BUTTON,"&Edit","&Edit..."
FILTER_CASE_HELP,"Match or ignore case when using this filter.","Match or ignore case."
FILTER_WHOLEWORD_HELP,"Match or ignore whole word when using this filter.","Match or ignore whole word."
FILTER_PATH_HELP,"Match or ignore path when using this filter.","Match or ignore path."
FILTER_DIACRITIC_HELP,"Match or ignore diacritics when using this filter.","Match or ignore diacritics."
FILTER_REGEX_HELP,"Enable or disable regex when using this filter.","Enable or disable regex."
FILTER_SEARCH_HELP,"Set the search to this value when using this filter.","Search for this text when the filter is active."
FILTER_MACRO_HELP,"When typing this phrase in the search edit followed by a colon(:) the phrase is replaced by this filter's search\nEmpty = no macro.","When typing this phrase in the search edit followed by a colon (:) the phrase is replaced by this filter's search\nAppend the macro with <name> to replace all occurrences of name: in the search with the parameters passed to the macro call\nEmpty = No macro."
BOOKMARK_REMEMBER_FILTER_BUTTON,"Remember &filter","Remember &filter:"
SEARCH_AS_YOU_TYPE,"Search as you &type","&Search as you type"
SEARCH_AS_YOU_TYPE_HELP,"Update the search results each time the search parameters change.","When enabled the search results are updated each time the search parameters change otherwise the search is only updated when pressing Enter in the search box."
SEARCH_HISTORY_CLEAR_NOW_HELP,"Delete all search history.","Delete all search history on disk and in memory."
SEARCH_HISTORY_CLEAR_NOW_ARE_YOU_SURE,"Are you sure you wish to delete all search history now?nnThis action can not be undone.","Are you sure you wish to delete all search history?nnThis action can not be undone."
SEARCH_HISTORY_ALWAYS_SUGGEST_HELP,"Display a list of suggested searches when typing in a search.","Display a list of suggested searches when typing in a search\nSearch suggestions are always shown if search as you type is disabled\nYou can also show search suggestions with Auto Complete Search (Ctrl+Space)."
ALLOW_FORWARD_SLASH_PATH_SEPARATOR,"Allow &forward slash path separator","Replace &forward slashes with backslashes"
ALLOW_FORWARD_SLASH_PATH_SEPARATOR_HELP,"Treat forward slashes (/) as back slashes (\).","Forward slashes (/) are replaced with backslashes (\)."
EVERYTHING_SERVICE_HELP,"Install or uninstall the Everything service.","Install or uninstall the ""Everything"" service\nThe Everything service is required to index NTFS volumes with a standard user account\nEnabling the service will allow ALL local user accounts to index all filenames on NTFS volumes."
CONTEXT_MENU_COMMAND_HELP,"The command for this context menu item\n$exec(application parameters) execute application with parameters\n$parent(filename) returns the parent folder of the specified file or folder\n$pathpart(filename) returns the parent folder of the specified file or folder\n$namepart(filename) returns the name part of the specified file or folder\n%1 = selected filename\n$$ = $n$( = (n$) = )","The command for this context menu item\n$exec(application parameters) execute application with parameters\n$openpath(filename) open the folder containing filename and select filename\n$parent(filename) returns the parent folder of the specified file or folder\n$pathpart(filename) returns the parent folder of the specified file or folder\n$namepart(filename) returns the name part of the specified file or folder\n%1 = selected filename\n$$ = $n$( = (n$) = )"
APP_DATA_HELP,"Store settings and data in %APPDATA%\Everything\nDisable to store data in the same location as Everything.exe","Store settings and data in %APPDATA%\Everything\nDisable to store settings and data in the same location as Everything.exe"
HTTP_SERVER_LOG_FILE_BROWSE,"S&elect...","Selec&t..."
HTTP_SERVER_SERVE_PAGES_FROM_HELP,"Set the folder to load http files from\nThese files are not required to be in the database\n(Empty = server files from the sub folder HTTP Server in the default location for application data.)","Set the folder to load http files from\nThese files are not required to be in the database\nEmpty = Server files from the sub folder HTTP Server in the default location for application data."
HTTP_SERVER_DEFAULT_PAGE_HELP,"Set the default page\n(Empty = Show volume list)","Set the default page\nEmpty = Show volume list."
ETP_SERVER_LOG_FILE_BROWSE,"S&elect...","Selec&t..."
RESULT_LIST_COPY_CSV_TO_CLIPBOARD,"Copy selection to clipboard as CSV","Copy as &CSV"
BOOKMARK_REMEMBER_INDEX,"Remem&ber index","Remem&ber index:"
BOOKMARK_INDEX_ETP_SERVER_HELP,"Connect to the specified ETP server when opening this bookmark.","Connect to the specified ETP server when opening this bookmark\nusername:password@host:port"
LOAD_USN_JOURNAL_RECENT_CHANGES,"Include USN Journal in recent &changes","Load recent &changes from USN journal"
LOAD_USN_JOURNAL_RECENT_CHANGES_HELP,"Include all the files and folders in the USN Journal on this volume in recent changes\nEnabling may decrease performance.","Load all files and folders from the USN change journal into the recent change database\nEnabling may decrease ""Everything"" startup performance\nIndex recent changes must be enabled."
FORMAT_SIZE_BYTES,"B","bytes"
RUN_HISTORY_ENABLE,"&Enable run history","Enable run &history"
RUN_HISTORY_ENABLE_HELP,"Enable or disable run history.","Enable or disable run history\nRun history remembers how many times a result was opened\nPressing enter from the search edit will focus the result with the highest run count."
RUN_HISTORY_KEEP_FOR,"&Keep run history for","Keep run history &for"
RUN_HISTORY_CLEAR_NOW,"&Clear Now","Clear &Now"
RUN_HISTORY_CLEAR_NOW_HELP,"Delete all run history.","Delete all run history on disk and in memory."
MENU_SET_RUN_COUNT_HELP,"Set the number of times this item has been run.","Set the run count for the selected items."
HOME_SORT_HELP,"Use this sort when opening a new search window\nOnly Name, Run Count or Date Recently Changed sorts will be used for the last value.","Use this sort when opening a new search window\nOnly fast sorts will be used for the last value."
HOME_ETP_SERVER_HELP,"Connect to an ETP server when opening a new search window.","Connect to an ETP server when opening a new search window\nusername:password@host:port"
NAV_HOME_HELP,"Open the home page.","Open the home search."
VIEW_TOGGLE_LTR_RTL,"Toggle &LTR/RTL","Toggle LTR/RTL direction"
VIEW_TOGGLE_LTR_RTL_HELP,"Toggle text direction of the result list between left to right and right to left.","Toggle the text direction layout of Everything."
